{"cameraMode":{"drawMode":0,"name":"Shaded","section":"Shading Mode"},"sceneLighting":true,"audioPlay":false,"sceneViewState":{"m_AlwaysRefresh":false,"showFog":true,"showSkybox":true,"showFlares":true,"showImageEffects":true,"showParticleSystems":true,"showVisualEffectGraphs":true,"m_FxEnabled":true},"in2DMode":false,"pivot":{"x":-0.853286862373352,"y":2.5492873191833498,"z":0.44311365485191347},"rotation":{"x":-0.09034746885299683,"y":-0.7040398120880127,"z":0.09113357961177826,"w":-0.6986488699913025},"size":0.42718932032585146,"orthographic":false}