{"cameraMode":{"drawMode":0,"name":"Shaded","section":"Shading Mode"},"sceneLighting":false,"audioPlay":false,"sceneViewState":{"m_AlwaysRefresh":false,"showFog":true,"showSkybox":false,"showFlares":true,"showImageEffects":true,"showParticleSystems":true,"showVisualEffectGraphs":true,"m_FxEnabled":true},"in2DMode":false,"pivot":{"x":2.4914655685424806,"y":0.01860000006854534,"z":-11.738067626953125},"rotation":{"x":0.12618163228034974,"y":-0.4531010687351227,"z":0.06493347883224487,"w":0.880174994468689},"size":0.012247682549059391,"orthographic":false}